	581585	16016	LARGE CHINESE STYLE SCISSOR	10	0.85	8.5	09-12-2011	9	12	2011	15804	United Kingdom
	581585	21916	SET 12 RETRO WHITE CHALK STICKS	24	0.42	10.08	09-12-2011	9	12	2011	15804	United Kingdom
	581585	84692	BOX OF 24 COCKTAIL PARASOLS	25	0.42	10.5	09-12-2011	9	12	2011	15804	United Kingdom
	581585	84946	ANTIQUE SILVER T-LIGHT GLASS	12	1.25	15	09-12-2011	9	12	2011	15804	United Kingdom
	581585	21684	SMALL MEDINA STAMPED METAL BOWL 	12	0.85	10.2	09-12-2011	9	12	2011	15804	United Kingdom
	581585	22398	MAGNETS PACK OF 4 SWALLOWS	12	0.39	4.68	09-12-2011	9	12	2011	15804	United Kingdom
	581585	23328	SET 6 SCHOOL MILK BOTTLES IN CRATE	4	3.75	15	09-12-2011	9	12	2011	15804	United Kingdom
	581585	23145	ZINC T-LIGHT HOLDER STAR LARGE	12	0.95	11.4	09-12-2011	9	12	2011	15804	United Kingdom
	581585	22466	FAIRY TALE COTTAGE NIGHT LIGHT	12	1.95	23.4	09-12-2011	9	12	2011	15804	United Kingdom
	581586	22061	LARGE CAKE STAND  HANGING STRAWBERY	8	2.95	23.6	09-12-2011	9	12	2011	13113	United Kingdom
	581586	23275	SET OF 3 HANGING OWLS OLLIE BEAK	24	1.25	30	09-12-2011	9	12	2011	13113	United Kingdom
	581586	21217	RED RETROSPOT ROUND CAKE TINS	24	8.95	214.8	09-12-2011	9	12	2011	13113	United Kingdom
	581586	20685	DOORMAT RED RETROSPOT	10	7.08	70.8	09-12-2011	9	12	2011	13113	United Kingdom
	581587	22631	CIRCUS PARADE LUNCH BOX 	12	1.95	23.4	09-12-2011	9	12	2011	12680	France
	581587	22556	PLASTERS IN TIN CIRCUS PARADE 	12	1.65	19.8	09-12-2011	9	12	2011	12680	France
	581587	22555	PLASTERS IN TIN STRONGMAN	12	1.65	19.8	09-12-2011	9	12	2011	12680	France
	581587	22728	ALARM CLOCK BAKELIKE PINK	4	3.75	15	09-12-2011	9	12	2011	12680	France
	581587	22727	ALARM CLOCK BAKELIKE RED 	4	3.75	15	09-12-2011	9	12	2011	12680	France
	581587	22726	ALARM CLOCK BAKELIKE GREEN	4	3.75	15	09-12-2011	9	12	2011	12680	France
	581587	22730	ALARM CLOCK BAKELIKE IVORY	4	3.75	15	09-12-2011	9	12	2011	12680	France
	581587	22367	CHILDRENS APRON SPACEBOY DESIGN	8	1.95	15.6	09-12-2011	9	12	2011	12680	France
	581587	22629	SPACEBOY LUNCH BOX 	12	1.95	23.4	09-12-2011	9	12	2011	12680	France
	581587	23256	CHILDRENS CUTLERY SPACEBOY 	4	4.15	16.6	09-12-2011	9	12	2011	12680	France
	581587	22613	PACK OF 20 SPACEBOY NAPKINS	12	0.85	10.2	09-12-2011	9	12	2011	12680	France
	581587	22899	CHILDREN'S APRON DOLLY GIRL 	6	2.1	12.6	09-12-2011	9	12	2011	12680	France
	581587	23254	CHILDRENS CUTLERY DOLLY GIRL 	4	4.15	16.6	09-12-2011	9	12	2011	12680	France
	581587	23255	CHILDRENS CUTLERY CIRCUS PARADE	4	4.15	16.6	09-12-2011	9	12	2011	12680	France
	581587	22138	BAKING SET 9 PIECE RETROSPOT 	3	4.95	14.85	09-12-2011	9	12	2011	12680	France
